<?xml version="1.0" ?>
<?xml-stylesheet type="text/xsl" href="configuration.xsl"?>

<!-- Do not modify this file directly. Instead, copy entries that you -->
<!-- wish to modify from this file into core-site.xml and change them -->
<!-- there. If core-site.xml does not already exist, create it. -->

<configuration>

	<!--- global properties -->

	<!-- 检查工具配置 -->
	<property>
		<name>client.ip.name</name>
		<value>127.0.0.1</value>
	</property>

	<property>
		<name>server.ip.name</name>
		<value>127.0.0.1</value>
	</property>

	<property>
		<name>name:port</name>
		<value>8888</value>
	</property>



	<!-- ipc properties -->

	<property>
		<name>ipc.client.idlethreshold</name>
		<value>4000</value>
		<description>Defines the threshold number of connections after which
			connections will be inspected for idleness.
		</description>
	</property>

	<property>
		<name>ipc.client.kill.max</name>
		<value>10</value>
		<description>Defines the maximum number of clients to disconnect in
			one go.
		</description>
	</property>

	<property>
		<name>ipc.client.connection.maxidletime</name>
		<value>10000</value>
		<description>The maximum time in msec after which a client will bring
			down the
			connection to the server.
		</description>
	</property>

	<property>
		<name>ipc.client.connect.max.retries</name>
		<value>10</value>
		<description>Indicates the number of retries a client will make to
			establish
			a server connection.
		</description>
	</property>

	<property>
		<name>ipc.server.listen.queue.size</name>
		<value>128</value>
		<description>Indicates the length of the listen queue for servers
			accepting
			client connections.
		</description>
	</property>

	<property>
		<name>ipc.server.tcpnodelay</name>
		<value>false</value>
		<description>Turn on/off Nagle's algorithm for the TCP socket
			connection on
			the server. Setting to true disables the algorithm and
			may decrease
			latency
			with a cost of more/smaller packets.
		</description>
	</property>

	<property>
		<name>ipc.client.tcpnodelay</name>
		<value>false</value>
		<description>Turn on/off Nagle's algorithm for the TCP socket
			connection on
			the client. Setting to true disables the algorithm and
			may decrease
			latency
			with a cost of more/smaller packets.
		</description>
	</property>



	<!-- Proxy Configuration -->

	<property>
		<name>hadoop.rpc.socket.factory.class.default</name>
		<value>org.apache.net.StandardSocketFactory</value>
		<description> Default SocketFactory to use. This parameter is expected
			to be
			formatted as "package.FactoryClassName".
		</description>
	</property>

</configuration>
